From;To;Type;Through;Data;Comment
#;;;;;
# American Straits;;;;;
#;;;;;
;;;;;
66;64;sea;3239;0;Sherbroke to Trois Rivieres
68;72;land;2944;0;Fredericton to Truro
2149;138;sea;3365;0;
;;;;;
;;;;;
;;;;;
75;62;sea;2946;0;Port-Aux to Spet Iles
145;148;land;3238;0;Fayetteville Malden
;;;;;
;;;;;
204;200;sea;3278;0;Tampa to Augustine
2219;2211;sea;2978;0;Bahamas to Camaguey
2217;2212;sea;2969;0;Santiago to Jamaica
2213;2217;sea;2969;0;Port Au Prince to Jamaica
2214;2222;sea;2974;0;Santo Domingo to Puerto Rico
;;;;;
;;;;;
;;;;;
;;;;;
;;;;;
2232;376;sea;2976;0;Dominica to Gaudeloupe
;;;;;
;;;;;
;;;;;
;;;;;
;;;;;
;;;;;
;;;;;
2237;2269;sea;2975;0;Trinidad to Guira
2237;2276;sea;2975;0;Trinidad to Curiapo
2204;1723;sea;2968;0;Panama Strait
;;;;;
;;;;;
;;;;;
;;;;;
;;;;;
;;;;;
2360;2363;land;3255;0;Rosario to Lluvia City
2344;2351;sea;2989;0;Montevideo to Magadalena
2355;2393;sea;3255;0;Carmen to Telen
141;194;land;3238;0;Shreveport to Lake Charles
174;54;sea;3113;0;
3322;104;sea;3009;0;Sonoma to San Fransico
2185;2183;sea;2966;0;Yucatan Strait
236;54;land;3113;0;Detroit-Windsor
177;51;sea;3116;0;Sault Ste Marie to Marquette
56;239;sea;3112;0;Watertown to Kingston
177;176;sea;3115;0;Marquette-Transverse City
;;;;;
177;51;sea;3116;0;
;;;;;
#;;;;;
# African Straits;;;;;
#;;;;;
;;;;;
55;159;sea;3102;0;Ukerewe Strait
55;3349;sea;3102;0;Second Ukerewe Strait
212;1463;sea;3102;0;WNG Jimma Double Strait
1991;1997;sea;3103;0;Luba Kitara Double Strait
1456;1458;sea;3236;0;Jimma Eth Shortcut
3335;3333;sea;3236;0;Wng Eth Strait
3335;1870;sea;3236;0;Wng Eth Strait
3345;1870;sea;3236;0;Wng Eth Strait
3337;3339;sea;3236;0;Wng Eth Strait
3337;1458;sea;3236;0;Wng Eth Strait
1728;1730;sea;2758;0;AND Ziyanid Shortcut
1733;1734;sea;3363;0;Ziyanid Connector Strait
147;1825;sea;2758;0;Kitara Kanem Strait
1968;1820;sea;3101;0;Nri Kitara Double Strait North
1965;1995;sea;3293;0;Nri Kitara Double Strait South
2000;2001;sea;2917;0;Nri Luba Double Strait West
1983;1982;sea;2917;0;Nri Luba Double Strait East
;;;;;
1755;1756;land;2942;0;Suez strait
;;;;;
916;915;sea;3102;0;Lebanon Strait
902;915;sea;3102;0;Lebanon Strait
914;915;sea;3102;0;Lebanon Strait
914;903;sea;3102;0;Lebanon Strait
914;904;sea;3102;0;Lebanon Strait
900;904;sea;3102;0;Lebanon Strait
900;897;sea;3102;0;Lebanon Strait
900;898;sea;3102;0;Lebanon Strait
900;896;sea;3102;0;Lebanon Strait
;;;;;
#;;;;;
# European Straits;;;;;
#;;;;;
;;;;;
334;372;sea;2711;0;ï¿½resund
335;374;sea;2710;0;Bornholmsfï¿½rjan
353;349;sea;2709;0;ï¿½selsund
353;358;sea;2709;0;Strait of Riga
372;373;sea;2711;0;Fyn-Sjaelland
371;373;sea;2711;0;Fyn-Jylland
2557;373;sea;2711;0;Fyn-Esbjerg
372;533;sea;2711;0;Copenhagen-Guldborg
367;348;sea;2712;0;Aalsburg-Hjorring
533;373;sea;2711;0;Guldborg-Odense
375;378;sea;2722;0;Bay of Holland
377;378;sea;2722;0;Bay of Holland
473;766;sea;2751;0;Sassari Strait
826;824;sea;2764;0;Corfu Strait
826;853;sea;2764;0;Corfu Strait
528;531;sea;2721;0;
838;834;sea;2773;0;Athens - Khakhis Strait
858;860;sea;2773;0;Kirklareli to Istanbul
843;865;sea;2773;0;Dardanelles Strait
860;861;land;2773;0;Golden Horn
759;763;sea;2760;0;Strait of Messina
966;967;sea;2776;0;
837;827;sea;2765;0;Ionian Islands Strait
966;1049;sea;2776;0;Strait of Azov
;;;;;
331;332;sea;2710;0;Gotland Strait
374;335;sea;2710;0;Bornholm Strait
843;859;sea;2773;0;Chios to Gallipoli
272;279;sea;3289;0;Dumfries Carlisle
270;256;sea;2737;0;Stirling Armagh
964;965;sea;2776;0;
321;307;sea;3281;0;
307;338;sea;3281;0;
306;982;sea;3281;0;
517;1687;sea;2746;0;
267;1724;sea;2735;0;Inverness - Orkney Strait
350;996;sea;2713;0;
#301;400;sea;2724;0;UK - France Strait
291;292;land;2732;0;Ipswich Cambridge
280;269;sea;3289;0;Newcastle Edinburgh
405;413;sea;3324;0;Charleville Verdun
369;539;sea;2721;0;Kiel Breem
994;2715;sea;2714;0;
2715;339;sea;2714;0;
340;344;sea;3317;0;
2715;2580;sea;2714;0;
2580;1004;sea;2714;0;
983;981;sea;2716;0;
946;1007;sea;3330;0;
457;463;sea;3323;0;
1050;1041;sea;2779;0;
1057;1041;sea;2779;0;
1047;979;sea;2779;0;
2611;1187;sea;3233;0;
2691;1469;sea;3230;0;
1205;686;sea;2780;0;
1047;1046;sea;2779;0;
431;429;sea;3326;0;
441;440;land;3326;0;Tours-Blois Strait
;;;;;
996;994;sea;3329;0;
#;;;;;
# Asian Straits;;;;;
#;;;;;
;;;;;
1480;1479;sea;3370;0;China-Manchuria South
1614;1533;sea;3370;0;China Manchuria North
1534;1533;sea;3370;0;Mongolia Manchuria South
1467;1002;sea;3369;0;Mongolia Manchuria North
1465;2670;sea;3368;0;Mongolia Strait West
1467;1078;sea;3368;0;Mongolia Strait East
;;;;;
;;;;;
2664;1168;sea;2787;0;
1452;1454;sea;2856;0;Biak - Merah Strait
1141;2664;sea;2787;0;
;;;;;
;;;;;
1083;1086;sea;2832;0;Tatar Straits
1086;1643;sea;2831;0;La Perouse Strait
1164;1165;sea;2788;0;Bahrain Strait
1309;1322;sea;2794;0;Palk Strait #Ceylon-S India
1310;1322;sea;2794;0;Palk Strait #Ceylon-S India
;;;;;
1384;1385;sea;2814;0;Straits of Johore to Singapore
1403;1413;land;2805;0;Sunda Strait
#1412;1851;sea;2782;0;Aden Strait
#1412;1875;sea;2782;0;Aden Strait
1418;1421;sea;2811;0;Strait of Madura
1420;1438;sea;2811;0;Bali Strait
1438;1442;sea;2811;0;Lombok Strait
1442;1440;sea;2811;0;Sumbawa Strait
;;;;;
1457;1461;sea;2849;0;Tacloban Strait
1640;1660;land;2843;0;Fukuoka Strait
1642;1672;sea;2841;0;Hakodate Strait
#1664;1666;land;2843;0;Matsuyama Strait
1667;1659;land;2843;0;Setto Strait
1411;1408;sea;2803;0;Gunungsitoli Strait
;;;;;
;;;;;
;;;;;
;;;;;
1455;1460;land;2850;0;Mindoro Strait
2565;1461;land;2850;0;Cebu Strait
2565;1460;land;2850;0;Cebu Strait
1461;3348;land;2850;0;Davao Strait
1462;2565;land;2850;0;Iloilo Strait
;;;;;
1440;1439;sea;2810;0;Sumbawa-Flores Strait
1440;1441;sea;2808;0;Sumbawa-Sumba Strait
;;;;;
1441;1445;sea;2809;0;Roti-Kaupeng Strait
1439;1444;sea;2809;0;Flores-Alor Strait
1444;1446;sea;2809;0;Alor-Dili Strait
1444;1451;sea;2854;0;Alor-Aru Strait
1446;1451;sea;2854;0;Dili-Aru Strait
1431;1430;sea;2854;0;Bone-Makassar Strait
1431;1430;sea;2854;0;Bone-Makassar Strait
1448;1453;sea;2854;0;Ternate-Sorong Strait
1448;1433;sea;2854;0;Ternate-Menado Strait
1448;1450;sea;2854;0;Ternate-Ceram Strait
;;;;;
;;;;;
;;;;;
1451;1453;sea;2862;0;Aru-Sorong Strait
1450;1453;sea;2853;0;Ceram-Sorong Strait
1450;1434;sea;2852;0;Ternate Strait
1437;1436;sea;2810;0;Bulon-Kendari Strait
1435;1425;sea;2812;0;Palu-Tarakan Strait
1644;1088;sea;2839;0;Nemuru-Etorofu Strait
;;;;;
1088;1074;sea;2838;0;Shumshu-Petropavlovsk Strait
;;;;;
1637;1635;sea;2829;0;Cheju-Kwangju Strait
;;;;;
;;;;;
#;;;;;
# Asian Straits;;;;;
#;;;;;
1083;1086;sea;2832;0;Tatar Straits
1084;1086;sea;2832;0;Tatar Straits
#1087;1643;sea;2831;0;La Perouse Strait#removed
#1087;1643;sea;2839;0;La Perouse Strait#removed
;;;;;
;;;;;
1309;1322;sea;2794;0;Palk Strait #Ceylon-S India
1310;1322;sea;2794;0;Palk Strait #Ceylon-S India
;;;;;
;;;;;
;;;;;
;;;;;
;;;;;
;;;;;
;;;;;
;;;;;
;;;;;
;;;;;
;;;;;
;;;;;
;;;;;
;;;;;
;;;;;
;;;;;
;;;;;
;;;;;
;;;;;
;;;;;
;;;;;
;;;;;
;;;;;
;;;;;
#;;;;;
# Oceanian Straits;;;;;
#;;;;;
2512;2516;sea;2876;0;Cook Strait #NZ
;;;;;
2537;1531;sea;2858;0;Villan Strait #New Britain-New Ireland
2283;846;sea;3290;0;Eyre Strait
2487;2488;sea;2860;0;Cooktown to Queensland
210;2494;sea;2868;0;Second Eyre Strait
407;471;sea;3290;0;Frejus-Chaumont Strait
2482;2479;sea;2867;0;Tasmania to Australia
;;;;;
#;;;;;
# Impassables;;;;;
#;;;;;
1326;1589;impassable;0;0;scary mountain
1326;1592;impassable;0;0;scary mountain
1328;1589;impassable;0;0;scary mountain
1329;1589;impassable;0;0;scary mountain
1329;1590;impassable;0;0;scary mountain
1329;1590;impassable;0;0;scary mountain
1329;1593;impassable;0;0;scary mountain
1258;1593;impassable;0;0;scary mountain
1260;1593;impassable;0;0;scary mountain
1259;1593;impassable;0;0;scary mountain
1238;1592;impassable;0;0;scary mountain
1244;1592;impassable;0;0;scary mountain
1235;1592;impassable;0;0;scary mountain
1226;1592;impassable;0;0;scary mountain
1327;1592;impassable;0;0;scary mountain
1328;1592;impassable;0;0;scary mountain
1225;1594;impassable;0;0;scary mountain
1226;1594;impassable;0;0;scary mountain
1210;1594;impassable;0;0;scary mountain
1208;1594;impassable;0;0;scary mountain
;;;;;
#Alps;;;;;
#Siberia;;;;;
;;;;;
2687;2682;impassable;0;0;Northern urals
2689;2682;impassable;0;0;Northern urals
2689;1062;impassable;0;0;Northern urals
1026;1062;impassable;0;0;Northern urals
2659;2657;impassable;0;0;Yamal-Yenisei
2659;2692;impassable;0;0;Yamal-Yenisei
2615;2692;impassable;0;0;Yamal-Yenisei
2646;2692;impassable;0;0;Yamal-Yenisei
2654;2653;impassable;0;0;Yenisei-Yakut
2654;2673;impassable;0;0;Yenisei-Yakut
2693;2673;impassable;0;0;Yenisei-Yakut
2655;2673;impassable;0;0;Yenisei-Yakut
2655;2651;impassable;0;0;Yenisei-Yakut
2675;2651;impassable;0;0;Yenisei-Yakut
;;;;;
;;;;;
#;;;;;
# The canals;;;;;
#;;;;;
#2711;2721;canal;369;1;Kiel Canal
#2781;2769;canal;1755;2;Suez Canal
#2968;3001;canal;1723;3;Panama Canal
2773;2774;canal;860;4;Bosphorus Strait
2772;2773;canal;859;5;Dardanelles Strait
#2724;2723;canal;301;6;English Channel

#### Sea Adjacencies ####
2881;2513;sea;0;0;
2881;2515;sea;0;0;
2881;2516;sea;0;0;
2881;2512;sea;0;0;
2992;2335;sea;0;0;
2992;2400;sea;0;0;
2992;2334;sea;0;0;
2992;2399;sea;0;0;
2880;2513;sea;0;0;
3200;2131;sea;0;0;
2875;2482;sea;0;0;
2874;2482;sea;0;0;
3285;2335;sea;0;0;
3285;2400;sea;0;0;
3248;2334;sea;0;0;
2993;2334;sea;0;0;
2993;2333;sea;0;0;
2876;2513;sea;0;0;
2876;2514;sea;0;0;
2876;2516;sea;0;0;
2876;2512;sea;0;0;
2876;2510;sea;0;0;
2876;2524;sea;0;0;
2867;2482;sea;0;0;
2867;2479;sea;0;0;
2867;2477;sea;0;0;
2867;2476;sea;0;0;
2867;2472;sea;0;0;
2867;2478;sea;0;0;
2867;2473;sea;0;0;
2867;2481;sea;0;0;
2868;2482;sea;0;0;
2868;2477;sea;0;0;
2868;2493;sea;0;0;
2868;2491;sea;0;0;
2868;2494;sea;0;0;
2868;210;sea;0;0;
2868;846;sea;0;0;
3048;2131;sea;0;0;
2991;2399;sea;0;0;
2991;2398;sea;0;0;
2991;2397;sea;0;0;
2879;2512;sea;0;0;
2879;2511;sea;0;0;
2879;2571;sea;0;0;
2879;2524;sea;0;0;
2866;2472;sea;0;0;
2866;2468;sea;0;0;
2866;2469;sea;0;0;
2878;2524;sea;0;0;
2878;2509;sea;0;0;
2994;2333;sea;0;0;
2994;2332;sea;0;0;
2994;2328;sea;0;0;
2994;2329;sea;0;0;
2870;2498;sea;0;0;
2870;2497;sea;0;0;
2870;2504;sea;0;0;
2869;210;sea;0;0;
2869;2504;sea;0;0;
2869;2492;sea;0;0;
2869;2496;sea;0;0;
2990;2397;sea;0;0;
2990;2396;sea;0;0;
2990;2392;sea;0;0;
2990;2391;sea;0;0;
2990;2395;sea;0;0;
2990;2354;sea;0;0;
2990;2352;sea;0;0;
2990;2393;sea;0;0;
2990;2355;sea;0;0;
2913;237;sea;0;0;
2913;206;sea;0;0;
2913;14;sea;0;0;
2913;85;sea;0;0;
2913;71;sea;0;0;
2912;65;sea;0;0;
2912;14;sea;0;0;
2912;70;sea;0;0;
2871;2497;sea;0;0;
2871;2499;sea;0;0;
2911;70;sea;0;0;
2911;3321;sea;0;0;
2911;81;sea;0;0;
2911;241;sea;0;0;
2865;2469;sea;0;0;
2865;2128;sea;0;0;
2865;2470;sea;0;0;
2865;2544;sea;0;0;
2865;2486;sea;0;0;
2865;2483;sea;0;0;
3290;3249;sea;0;0;
3290;2283;sea;0;0;
3290;2494;sea;0;0;
3290;846;sea;0;0;
3290;471;sea;0;0;
3290;407;sea;0;0;
3290;2653;sea;0;0;
3290;3246;sea;0;0;
3290;2541;sea;0;0;
3290;2652;sea;0;0;
3290;60;sea;0;0;
3290;742;sea;0;0;
3290;2647;sea;0;0;
3290;470;sea;0;0;
3290;399;sea;0;0;
3287;2492;sea;0;0;
3287;210;sea;0;0;
3287;846;sea;0;0;
3287;3246;sea;0;0;
3287;2699;sea;0;0;
3220;2508;sea;0;0;
2910;241;sea;0;0;
2910;845;sea;0;0;
2910;841;sea;0;0;
2910;828;sea;0;0;
2910;1102;sea;0;0;
2910;3356;sea;0;0;
2910;132;sea;0;0;
2872;2499;sea;0;0;
2872;2502;sea;0;0;
2872;2602;sea;0;0;
2989;2352;sea;0;0;
2989;2351;sea;0;0;
2989;2344;sea;0;0;
2995;2329;sea;0;0;
2995;2330;sea;0;0;
2995;2325;sea;0;0;
2995;2326;sea;0;0;
3255;2393;sea;0;0;
3255;2355;sea;0;0;
3255;2353;sea;0;0;
3255;2350;sea;0;0;
3255;2359;sea;0;0;
3255;2351;sea;0;0;
3255;2349;sea;0;0;
3255;2344;sea;0;0;
3255;2382;sea;0;0;
3255;2346;sea;0;0;
3255;2381;sea;0;0;
3255;2363;sea;0;0;
3255;2348;sea;0;0;
3255;2360;sea;0;0;
3255;2345;sea;0;0;
3255;2467;sea;0;0;
3255;2466;sea;0;0;
3255;2465;sea;0;0;
2914;71;sea;0;0;
2914;73;sea;0;0;
3057;2132;sea;0;0;
2864;2483;sea;0;0;
2864;2484;sea;0;0;
2864;2551;sea;0;0;
2864;2485;sea;0;0;
2864;1654;sea;0;0;
2864;2487;sea;0;0;
2909;2590;sea;0;0;
2909;57;sea;0;0;
2909;1686;sea;0;0;
2909;132;sea;0;0;
2909;142;sea;0;0;
3080;2590;sea;0;0;
2907;2590;sea;0;0;
2907;1162;sea;0;0;
2907;2362;sea;0;0;
2907;58;sea;0;0;
2907;512;sea;0;0;
3159;801;sea;0;0;
3159;2545;sea;0;0;
2988;2344;sea;0;0;
2988;2347;sea;0;0;
2988;2464;sea;0;0;
2988;2463;sea;0;0;
3182;2553;sea;0;0;
2915;73;sea;0;0;
2915;77;sea;0;0;
2915;45;sea;0;0;
2915;2008;sea;0;0;
2915;2004;sea;0;0;
2882;1097;sea;0;0;
3058;2132;sea;0;0;
2863;128;sea;0;0;
2863;2604;sea;0;0;
2863;2506;sea;0;0;
2863;2487;sea;0;0;
2863;2488;sea;0;0;
2863;2505;sea;0;0;
3185;2545;sea;0;0;
2873;2602;sea;0;0;
2873;2501;sea;0;0;
3179;2540;sea;0;0;
3179;2520;sea;0;0;
3179;2545;sea;0;0;
3179;2543;sea;0;0;
2996;2326;sea;0;0;
2996;2323;sea;0;0;
2996;2322;sea;0;0;
2996;2305;sea;0;0;
2908;2362;sea;0;0;
3170;2545;sea;0;0;
3170;801;sea;0;0;
3170;2553;sea;0;0;
3170;2546;sea;0;0;
2809;2501;sea;0;0;
2809;1445;sea;0;0;
2809;1441;sea;0;0;
2809;1446;sea;0;0;
2809;1439;sea;0;0;
2809;1444;sea;0;0;
3219;2454;sea;0;0;
3288;2360;sea;0;0;
3288;2377;sea;0;0;
3288;2361;sea;0;0;
3288;2465;sea;0;0;
3288;2554;sea;0;0;
3288;2358;sea;0;0;
3288;2462;sea;0;0;
3288;2365;sea;0;0;
3288;2340;sea;0;0;
3288;2366;sea;0;0;
3288;2458;sea;0;0;
3288;2367;sea;0;0;
3288;2342;sea;0;0;
3288;2343;sea;0;0;
3288;2337;sea;0;0;
3288;2420;sea;0;0;
3288;2416;sea;0;0;
2902;1686;sea;0;0;
2902;512;sea;0;0;
2902;142;sea;0;0;
2902;139;sea;0;0;
2902;1566;sea;0;0;
2902;197;sea;0;0;
2902;2356;sea;0;0;
2902;219;sea;0;0;
2902;231;sea;0;0;
2860;2487;sea;0;0;
2860;2488;sea;0;0;
2860;2528;sea;0;0;
2860;2529;sea;0;0;
2987;2461;sea;0;0;
2987;2457;sea;0;0;
2987;2455;sea;0;0;
2987;2451;sea;0;0;
2987;2448;sea;0;0;
2987;2447;sea;0;0;
3180;2553;sea;0;0;
3177;2520;sea;0;0;
3177;2540;sea;0;0;
3177;2543;sea;0;0;
3177;2542;sea;0;0;
3177;2547;sea;0;0;
2884;2535;sea;0;0;
2884;2534;sea;0;0;
2903;512;sea;0;0;
2903;1566;sea;0;0;
3203;2129;sea;0;0;
3038;2129;sea;0;0;
3190;2336;sea;0;0;
2861;2505;sea;0;0;
2861;2501;sea;0;0;
2916;2004;sea;0;0;
2916;2003;sea;0;0;
2916;1999;sea;0;0;
2916;2001;sea;0;0;
3175;2553;sea;0;0;
3104;2066;sea;0;0;
3104;2067;sea;0;0;
3104;2581;sea;0;0;
3104;2027;sea;0;0;
3104;2038;sea;0;0;
3104;2016;sea;0;0;
3104;2046;sea;0;0;
3104;1987;sea;0;0;
3104;2084;sea;0;0;
3104;2017;sea;0;0;
3104;1989;sea;0;0;
3104;2042;sea;0;0;
3104;214;sea;0;0;
3104;69;sea;0;0;
2901;1566;sea;0;0;
2901;231;sea;0;0;
2901;244;sea;0;0;
2901;3350;sea;0;0;
2901;199;sea;0;0;
2901;233;sea;0;0;
2901;3338;sea;0;0;
2901;3345;sea;0;0;
2859;2534;sea;0;0;
2859;2528;sea;0;0;
2859;2539;sea;0;0;
2997;2305;sea;0;0;
2997;2309;sea;0;0;
2997;2307;sea;0;0;
2997;2308;sea;0;0;
2997;2578;sea;0;0;
2997;2304;sea;0;0;
2997;2297;sea;0;0;
3176;2546;sea;0;0;
2986;2448;sea;0;0;
2986;2449;sea;0;0;
2986;2439;sea;0;0;
2806;2244;sea;0;0;
2806;1414;sea;0;0;
2806;1416;sea;0;0;
2806;1413;sea;0;0;
2885;2534;sea;0;0;
2885;2539;sea;0;0;
2885;1531;sea;0;0;
2808;1441;sea;0;0;
2808;1440;sea;0;0;
2808;1442;sea;0;0;
2808;1438;sea;0;0;
2808;1439;sea;0;0;
2858;2528;sea;0;0;
2858;2530;sea;0;0;
2858;2537;sea;0;0;
2858;2539;sea;0;0;
2858;2531;sea;0;0;
2858;1531;sea;0;0;
3103;2016;sea;0;0;
3103;2017;sea;0;0;
3103;214;sea;0;0;
3103;1989;sea;0;0;
3103;69;sea;0;0;
3103;207;sea;0;0;
3103;1991;sea;0;0;
3103;212;sea;0;0;
3103;1997;sea;0;0;
3103;1463;sea;0;0;
3103;163;sea;0;0;
3103;229;sea;0;0;
2854;1446;sea;0;0;
2854;1444;sea;0;0;
2854;1451;sea;0;0;
2854;1450;sea;0;0;
2807;1438;sea;0;0;
2807;1420;sea;0;0;
2807;1419;sea;0;0;
2807;1416;sea;0;0;
2811;1440;sea;0;0;
2811;1438;sea;0;0;
2811;1442;sea;0;0;
2811;1439;sea;0;0;
2811;1420;sea;0;0;
2811;1419;sea;0;0;
2811;1418;sea;0;0;
2811;1421;sea;0;0;
2811;1430;sea;0;0;
2811;1423;sea;0;0;
2811;1431;sea;0;0;
2811;1432;sea;0;0;
2811;1427;sea;0;0;
2811;1422;sea;0;0;
2811;1429;sea;0;0;
2810;1439;sea;0;0;
2810;1444;sea;0;0;
2810;1430;sea;0;0;
2810;1437;sea;0;0;
2810;1436;sea;0;0;
2810;1431;sea;0;0;
3053;2130;sea;0;0;
3054;2130;sea;0;0;
2917;2001;sea;0;0;
2917;1982;sea;0;0;
2917;2000;sea;0;0;
2917;1983;sea;0;0;
2917;2624;sea;0;0;
2917;1974;sea;0;0;
2917;1972;sea;0;0;
2917;1973;sea;0;0;
3240;2312;sea;0;0;
2813;1415;sea;0;0;
2813;1417;sea;0;0;
2813;1418;sea;0;0;
2813;1413;sea;0;0;
2813;1403;sea;0;0;
2813;1399;sea;0;0;
2813;1404;sea;0;0;
2813;1398;sea;0;0;
2813;1427;sea;0;0;
2813;1426;sea;0;0;
2813;1428;sea;0;0;
2813;1400;sea;0;0;
2813;1384;sea;0;0;
2813;1394;sea;0;0;
2805;1413;sea;0;0;
2805;1403;sea;0;0;
2805;1410;sea;0;0;
2862;1560;sea;0;0;
2862;1451;sea;0;0;
2862;1454;sea;0;0;
2862;1453;sea;0;0;
2862;1450;sea;0;0;
3296;1985;sea;0;0;
3296;1982;sea;0;0;
3296;1983;sea;0;0;
3296;1977;sea;0;0;
3296;1994;sea;0;0;
3296;1980;sea;0;0;
3296;1992;sea;0;0;
3296;1962;sea;0;0;
3296;1976;sea;0;0;
3296;1089;sea;0;0;
3296;1966;sea;0;0;
3296;1961;sea;0;0;
3296;1965;sea;0;0;
3294;1990;sea;0;0;
3294;1986;sea;0;0;
3294;1991;sea;0;0;
3294;1994;sea;0;0;
3294;53;sea;0;0;
3294;161;sea;0;0;
3109;2303;sea;0;0;
3109;2310;sea;0;0;
2804;1410;sea;0;0;
2804;1411;sea;0;0;
2804;1408;sea;0;0;
2852;1436;sea;0;0;
2852;1450;sea;0;0;
2852;1434;sea;0;0;
2852;1435;sea;0;0;
2852;1433;sea;0;0;
2852;1448;sea;0;0;
2985;2439;sea;0;0;
2985;2436;sea;0;0;
2985;2435;sea;0;0;
2985;2434;sea;0;0;
2853;1450;sea;0;0;
2853;1453;sea;0;0;
2853;1434;sea;0;0;
2853;1448;sea;0;0;
2853;2518;sea;0;0;
2857;2531;sea;0;0;
2857;1454;sea;0;0;
2857;2530;sea;0;0;
3102;213;sea;0;0;
3102;243;sea;0;0;
3102;212;sea;0;0;
3102;143;sea;0;0;
3102;1463;sea;0;0;
3102;55;sea;0;0;
3102;163;sea;0;0;
3102;159;sea;0;0;
3102;3349;sea;0;0;
2856;1453;sea;0;0;
2856;1454;sea;0;0;
2856;1452;sea;0;0;
2856;2518;sea;0;0;
2856;2519;sea;0;0;
2812;1432;sea;0;0;
2812;1423;sea;0;0;
2812;1435;sea;0;0;
2812;1429;sea;0;0;
2812;1425;sea;0;0;
2812;1397;sea;0;0;
2887;1531;sea;0;0;
2887;610;sea;0;0;
2998;2297;sea;0;0;
2998;2295;sea;0;0;
2998;2298;sea;0;0;
2998;2292;sea;0;0;
3221;2527;sea;0;0;
3221;2522;sea;0;0;
2803;1411;sea;0;0;
2803;1408;sea;0;0;
2803;1409;sea;0;0;
2803;1407;sea;0;0;
2900;3345;sea;0;0;
2900;1870;sea;0;0;
2900;1869;sea;0;0;
2900;1868;sea;0;0;
2900;1871;sea;0;0;
3236;3345;sea;0;0;
3236;1870;sea;0;0;
3236;3335;sea;0;0;
3236;3333;sea;0;0;
3236;55;sea;0;0;
3236;143;sea;0;0;
3236;2024;sea;0;0;
3236;3337;sea;0;0;
3236;3339;sea;0;0;
3236;3349;sea;0;0;
3236;1456;sea;0;0;
3236;1458;sea;0;0;
3236;1864;sea;0;0;
3236;1847;sea;0;0;
2814;1400;sea;0;0;
2814;1384;sea;0;0;
2814;1426;sea;0;0;
2814;1401;sea;0;0;
2814;1409;sea;0;0;
2814;1406;sea;0;0;
2814;1385;sea;0;0;
2814;2576;sea;0;0;
2886;2523;sea;0;0;
2816;1426;sea;0;0;
2816;1394;sea;0;0;
2816;1393;sea;0;0;
2816;2576;sea;0;0;
3293;161;sea;0;0;
3293;162;sea;0;0;
3293;1965;sea;0;0;
3293;1969;sea;0;0;
3293;1970;sea;0;0;
3293;1993;sea;0;0;
3293;1995;sea;0;0;
2918;1958;sea;0;0;
2918;1955;sea;0;0;
2918;1956;sea;0;0;
2918;1957;sea;0;0;
2918;1932;sea;0;0;
2918;1934;sea;0;0;
2918;1931;sea;0;0;
2918;1935;sea;0;0;
2918;1933;sea;0;0;
2918;1928;sea;0;0;
2918;107;sea;0;0;
2918;1919;sea;0;0;
2801;1406;sea;0;0;
2801;1385;sea;0;0;
2801;2575;sea;0;0;
2801;1405;sea;0;0;
2801;1388;sea;0;0;
2801;1354;sea;0;0;
2801;1392;sea;0;0;
2984;2434;sea;0;0;
2984;2432;sea;0;0;
2984;2428;sea;0;0;
2984;2431;sea;0;0;
2815;1384;sea;0;0;
2815;1390;sea;0;0;
2815;1391;sea;0;0;
2815;2576;sea;0;0;
2815;1392;sea;0;0;
2802;1407;sea;0;0;
2802;1405;sea;0;0;
2999;2292;sea;0;0;
2999;2291;sea;0;0;
2999;2280;sea;0;0;
2821;1393;sea;0;0;
2821;1396;sea;0;0;
2821;1397;sea;0;0;
2821;1459;sea;0;0;
2820;2576;sea;0;0;
2855;1448;sea;0;0;
2855;3346;sea;0;0;
2855;3348;sea;0;0;
2855;3347;sea;0;0;
2920;1893;sea;0;0;
2920;1888;sea;0;0;
2920;1892;sea;0;0;
2920;1887;sea;0;0;
2920;1890;sea;0;0;
2920;1889;sea;0;0;
2920;1886;sea;0;0;
2920;1884;sea;0;0;
3244;2522;sea;0;0;
3244;610;sea;0;0;
2899;1871;sea;0;0;
2899;3341;sea;0;0;
2899;1872;sea;0;0;
2899;1177;sea;0;0;
2919;1909;sea;0;0;
2919;1894;sea;0;0;
2919;1892;sea;0;0;
2919;1908;sea;0;0;
2919;1907;sea;0;0;
2919;1914;sea;0;0;
2919;1919;sea;0;0;
2851;1397;sea;0;0;
2851;3346;sea;0;0;
2851;1462;sea;0;0;
2851;3347;sea;0;0;
2851;1459;sea;0;0;
3260;2405;sea;0;0;
3260;2600;sea;0;0;
3260;2411;sea;0;0;
3260;2229;sea;0;0;
3260;2235;sea;0;0;
3260;2357;sea;0;0;
3260;376;sea;0;0;
3260;2402;sea;0;0;
3260;2234;sea;0;0;
3260;2232;sea;0;0;
3218;2579;sea;0;0;
3218;610;sea;0;0;
3067;1321;sea;0;0;
3067;1324;sea;0;0;
3067;1322;sea;0;0;
3223;610;sea;0;0;
3223;2522;sea;0;0;
2800;1354;sea;0;0;
2800;1352;sea;0;0;
2800;1344;sea;0;0;
2817;1392;sea;0;0;
2817;1354;sea;0;0;
2817;1352;sea;0;0;
2817;1382;sea;0;0;
2817;1383;sea;0;0;
2817;1380;sea;0;0;
3276;2405;sea;0;0;
3276;2404;sea;0;0;
3276;2235;sea;0;0;
3276;2407;sea;0;0;
3276;2238;sea;0;0;
3276;2402;sea;0;0;
3276;2231;sea;0;0;
3276;1954;sea;0;0;
2799;1320;sea;0;0;
2793;1321;sea;0;0;
2793;1319;sea;0;0;
2793;1322;sea;0;0;
2793;1310;sea;0;0;
2888;2519;sea;0;0;
2888;2517;sea;0;0;
2983;2431;sea;0;0;
2983;2429;sea;0;0;
2983;2424;sea;0;0;
2983;2426;sea;0;0;
2850;3348;sea;0;0;
2850;1462;sea;0;0;
2850;3347;sea;0;0;
2850;2565;sea;0;0;
2850;1461;sea;0;0;
2850;1459;sea;0;0;
2850;1460;sea;0;0;
2850;1455;sea;0;0;
2921;1884;sea;0;0;
2921;1885;sea;0;0;
2921;1879;sea;0;0;
2921;1878;sea;0;0;
2921;1788;sea;0;0;
2921;1793;sea;0;0;
2982;2410;sea;0;0;
2982;385;sea;0;0;
2982;2424;sea;0;0;
2982;376;sea;0;0;
2982;368;sea;0;0;
2982;2232;sea;0;0;
2982;2415;sea;0;0;
2792;1319;sea;0;0;
2792;1318;sea;0;0;
2792;1317;sea;0;0;
2792;1316;sea;0;0;
2792;1315;sea;0;0;
2792;1302;sea;0;0;
3222;2522;sea;0;0;
3101;1968;sea;0;0;
3101;1995;sea;0;0;
3101;1820;sea;0;0;
3101;1964;sea;0;0;
3101;1953;sea;0;0;
3101;1818;sea;0;0;
3101;1824;sea;0;0;
3101;1952;sea;0;0;
3101;1951;sea;0;0;
3101;1823;sea;0;0;
3101;1949;sea;0;0;
3101;1945;sea;0;0;
3101;1947;sea;0;0;
3101;1821;sea;0;0;
3101;729;sea;0;0;
2794;1310;sea;0;0;
2794;1322;sea;0;0;
2794;1309;sea;0;0;
2794;2591;sea;0;0;
2794;1304;sea;0;0;
2794;1312;sea;0;0;
2794;1307;sea;0;0;
2794;1306;sea;0;0;
2818;1352;sea;0;0;
2818;1344;sea;0;0;
2818;1383;sea;0;0;
2818;1382;sea;0;0;
2818;1380;sea;0;0;
2818;1367;sea;0;0;
2818;1353;sea;0;0;
2818;1365;sea;0;0;
2818;1368;sea;0;0;
2818;1364;sea;0;0;
2818;1366;sea;0;0;
2818;1351;sea;0;0;
2818;1363;sea;0;0;
2818;1346;sea;0;0;
2818;1347;sea;0;0;
2818;1350;sea;0;0;
2818;1349;sea;0;0;
2848;1459;sea;0;0;
2848;1455;sea;0;0;
2848;3334;sea;0;0;
2848;3336;sea;0;0;
2783;13;sea;0;0;
2783;1874;sea;0;0;
2783;1873;sea;0;0;
2783;1412;sea;0;0;
2783;1176;sea;0;0;
3197;2522;sea;0;0;
3000;2281;sea;0;0;
3000;2258;sea;0;0;
3157;2285;sea;0;0;
2819;1381;sea;0;0;
2819;1380;sea;0;0;
2819;1379;sea;0;0;
2784;1872;sea;0;0;
2784;1177;sea;0;0;
2784;1176;sea;0;0;
2784;1173;sea;0;0;
2784;1175;sea;0;0;
2784;3332;sea;0;0;
2798;1344;sea;0;0;
2798;1343;sea;0;0;
2798;1348;sea;0;0;
2798;1331;sea;0;0;
2798;1355;sea;0;0;
2798;1332;sea;0;0;
2798;1333;sea;0;0;
2798;1337;sea;0;0;
2798;1335;sea;0;0;
2798;1338;sea;0;0;
2798;1336;sea;0;0;
3224;1855;sea;0;0;
3224;1853;sea;0;0;
3224;1854;sea;0;0;
3224;1852;sea;0;0;
2822;1379;sea;0;0;
2822;1377;sea;0;0;
2822;1375;sea;0;0;
3278;2231;sea;0;0;
3278;2402;sea;0;0;
3278;1954;sea;0;0;
3278;2532;sea;0;0;
3278;2403;sea;0;0;
2904;1177;sea;0;0;
2849;1461;sea;0;0;
2849;1455;sea;0;0;
2849;1460;sea;0;0;
2849;1457;sea;0;0;
2849;3336;sea;0;0;
2849;3340;sea;0;0;
2782;1851;sea;0;0;
2782;1874;sea;0;0;
2782;1858;sea;0;0;
2782;1412;sea;0;0;
2782;1180;sea;0;0;
2782;1856;sea;0;0;
2782;1179;sea;0;0;
2782;1848;sea;0;0;
2782;1849;sea;0;0;
2782;1155;sea;0;0;
2782;3320;sea;0;0;
2782;1152;sea;0;0;
2782;1833;sea;0;0;
2782;1834;sea;0;0;
2922;1793;sea;0;0;
2922;1788;sea;0;0;
2922;1791;sea;0;0;
2922;1785;sea;0;0;
2922;1783;sea;0;0;
2922;1787;sea;0;0;
2922;1876;sea;0;0;
2922;1786;sea;0;0;
2966;1947;sea;0;0;
2966;1948;sea;0;0;
2966;1810;sea;0;0;
2966;1811;sea;0;0;
2966;1815;sea;0;0;
2966;729;sea;0;0;
2966;1816;sea;0;0;
2966;1814;sea;0;0;
2966;147;sea;0;0;
3127;2517;sea;0;0;
3127;2521;sea;0;0;
2981;2415;sea;0;0;
2981;2241;sea;0;0;
2791;1302;sea;0;0;
2791;1303;sea;0;0;
2791;1301;sea;0;0;
2791;1297;sea;0;0;
2791;1296;sea;0;0;
2974;1821;sea;0;0;
2974;173;sea;0;0;
2974;729;sea;0;0;
2974;175;sea;0;0;
2974;1817;sea;0;0;
2974;147;sea;0;0;
2974;1825;sea;0;0;
2847;3334;sea;0;0;
2847;3336;sea;0;0;
2847;3340;sea;0;0;
2795;1306;sea;0;0;
2795;1307;sea;0;0;
2795;1305;sea;0;0;
2795;1251;sea;0;0;
3117;2532;sea;0;0;
3117;2275;sea;0;0;
3117;2242;sea;0;0;
2923;1786;sea;0;0;
2923;1784;sea;0;0;
2923;1789;sea;0;0;
2923;1778;sea;0;0;
2923;1792;sea;0;0;
2923;1777;sea;0;0;
2923;1877;sea;0;0;
2923;2573;sea;0;0;
2923;1775;sea;0;0;
2923;189;sea;0;0;
2923;1774;sea;0;0;
2923;1776;sea;0;0;
2797;1331;sea;0;0;
2797;1337;sea;0;0;
2797;1336;sea;0;0;
2797;1345;sea;0;0;
3001;2258;sea;0;0;
3001;2253;sea;0;0;
3001;2206;sea;0;0;
3001;2208;sea;0;0;
3001;2205;sea;0;0;
3001;1723;sea;0;0;
3001;2203;sea;0;0;
3001;2204;sea;0;0;
2846;3340;sea;0;0;
2846;2562;sea;0;0;
2846;2681;sea;0;0;
2823;1375;sea;0;0;
2823;1376;sea;0;0;
2823;1499;sea;0;0;
2823;1374;sea;0;0;
2823;1370;sea;0;0;
2823;2632;sea;0;0;
2823;1369;sea;0;0;
2823;1373;sea;0;0;
2823;1502;sea;0;0;
2823;1501;sea;0;0;
2823;1493;sea;0;0;
2823;1495;sea;0;0;
2785;3332;sea;0;0;
2785;1172;sea;0;0;
2785;1171;sea;0;0;
2980;2242;sea;0;0;
2980;2240;sea;0;0;
2980;2275;sea;0;0;
2980;2239;sea;0;0;
2980;2241;sea;0;0;
2980;2243;sea;0;0;
3150;658;sea;0;0;
3150;2552;sea;0;0;
2790;1296;sea;0;0;
2790;1291;sea;0;0;
2790;1294;sea;0;0;
2790;1293;sea;0;0;
2790;1290;sea;0;0;
2790;1288;sea;0;0;
2790;1265;sea;0;0;
2790;1264;sea;0;0;
2790;1289;sea;0;0;
2790;1292;sea;0;0;
2790;1267;sea;0;0;
2790;1228;sea;0;0;
2790;1231;sea;0;0;
2968;2253;sea;0;0;
2968;2254;sea;0;0;
2968;2208;sea;0;0;
2968;2205;sea;0;0;
2968;1723;sea;0;0;
2968;2204;sea;0;0;
2968;2200;sea;0;0;
2968;2202;sea;0;0;
2968;2198;sea;0;0;
3307;1251;sea;0;0;
3307;1263;sea;0;0;
3307;1262;sea;0;0;
3307;1282;sea;0;0;
3307;1249;sea;0;0;
3307;1245;sea;0;0;
3307;1243;sea;0;0;
3307;1270;sea;0;0;
3307;1241;sea;0;0;
3307;1246;sea;0;0;
3307;1250;sea;0;0;
3307;1248;sea;0;0;
3307;1247;sea;0;0;
3307;1255;sea;0;0;
3307;1244;sea;0;0;
3307;1242;sea;0;0;
3307;1240;sea;0;0;
3307;1239;sea;0;0;
2796;1345;sea;0;0;
2796;2566;sea;0;0;
2975;2243;sea;0;0;
2975;2276;sea;0;0;
2975;2269;sea;0;0;
2975;2237;sea;0;0;
2975;2233;sea;0;0;
2975;2409;sea;0;0;
3002;2203;sea;0;0;
3002;2201;sea;0;0;
3002;2202;sea;0;0;
3002;2198;sea;0;0;
3002;2197;sea;0;0;
3002;2199;sea;0;0;
3002;2193;sea;0;0;
3002;2191;sea;0;0;
3002;2192;sea;0;0;
3002;2186;sea;0;0;
2891;2521;sea;0;0;
2972;2270;sea;0;0;
2972;2271;sea;0;0;
2972;2272;sea;0;0;
2972;2268;sea;0;0;
2972;2273;sea;0;0;
2972;2255;sea;0;0;
3286;2566;sea;0;0;
3286;1257;sea;0;0;
3286;1254;sea;0;0;
3286;1259;sea;0;0;
3286;1255;sea;0;0;
3286;1260;sea;0;0;
3286;1258;sea;0;0;
2824;1493;sea;0;0;
2824;1496;sea;0;0;
2824;1502;sea;0;0;
2824;1495;sea;0;0;
2824;1497;sea;0;0;
2824;1501;sea;0;0;
2824;2406;sea;0;0;
2824;1504;sea;0;0;
2824;1494;sea;0;0;
2824;1503;sea;0;0;
2824;1500;sea;0;0;
2973;2267;sea;0;0;
2973;2264;sea;0;0;
2973;2269;sea;0;0;
2973;2233;sea;0;0;
2781;1834;sea;0;0;
2781;1152;sea;0;0;
2781;1771;sea;0;0;
2781;1154;sea;0;0;
2781;1770;sea;0;0;
2781;1757;sea;0;0;
2781;922;sea;0;0;
2781;921;sea;0;0;
2825;2562;sea;0;0;
2825;1497;sea;0;0;
2825;1487;sea;0;0;
2825;2681;sea;0;0;
2825;1484;sea;0;0;
2825;1482;sea;0;0;
2825;1611;sea;0;0;
2786;1171;sea;0;0;
2786;1166;sea;0;0;
2786;1169;sea;0;0;
2786;1168;sea;0;0;
2786;1146;sea;0;0;
2786;1222;sea;0;0;
2786;1145;sea;0;0;
3364;1825;sea;0;0;
3364;147;sea;0;0;
3364;152;sea;0;0;
3364;222;sea;0;0;
3364;223;sea;0;0;
3364;721;sea;0;0;
3303;1291;sea;0;0;
3303;1294;sea;0;0;
3303;1269;sea;0;0;
3303;1261;sea;0;0;
3303;1270;sea;0;0;
3303;1248;sea;0;0;
3303;1266;sea;0;0;
3303;1268;sea;0;0;
3303;1240;sea;0;0;
2788;1167;sea;0;0;
2788;1164;sea;0;0;
2788;1170;sea;0;0;
2788;1168;sea;0;0;
2788;1165;sea;0;0;
2788;1163;sea;0;0;
2788;1141;sea;0;0;
2788;1138;sea;0;0;
2788;935;sea;0;0;
2788;1136;sea;0;0;
2788;932;sea;0;0;
2788;1134;sea;0;0;
2788;933;sea;0;0;
2788;1131;sea;0;0;
2788;929;sea;0;0;
2788;1120;sea;0;0;
2788;1119;sea;0;0;
2788;926;sea;0;0;
2788;927;sea;0;0;
2788;1117;sea;0;0;
2788;928;sea;0;0;
2788;925;sea;0;0;
3126;2525;sea;0;0;
2789;1293;sea;0;0;
2789;1288;sea;0;0;
2789;1264;sea;0;0;
2789;1222;sea;0;0;
2845;1678;sea;0;0;
2967;2198;sea;0;0;
2967;2197;sea;0;0;
2967;2199;sea;0;0;
2967;2196;sea;0;0;
2967;2195;sea;0;0;
2787;1168;sea;0;0;
2787;2664;sea;0;0;
2787;1145;sea;0;0;
2787;1141;sea;0;0;
2787;1142;sea;0;0;
2924;1776;sea;0;0;
2924;1696;sea;0;0;
2924;2236;sea;0;0;
2924;1695;sea;0;0;
2924;1694;sea;0;0;
2924;1693;sea;0;0;
2924;1449;sea;0;0;
2976;2228;sea;0;0;
2976;2230;sea;0;0;
2976;2227;sea;0;0;
2976;2222;sea;0;0;
3003;2186;sea;0;0;
3003;2628;sea;0;0;
3003;2182;sea;0;0;
3003;2178;sea;0;0;
3003;2181;sea;0;0;
3003;2179;sea;0;0;
3110;2195;sea;0;0;
3110;2194;sea;0;0;
3110;2188;sea;0;0;
3110;2189;sea;0;0;
3110;2190;sea;0;0;
3110;2185;sea;0;0;
3110;2183;sea;0;0;
3363;223;sea;0;0;
3363;220;sea;0;0;
3363;721;sea;0;0;
3363;2669;sea;0;0;
3363;90;sea;0;0;
3363;1734;sea;0;0;
3363;1733;sea;0;0;
2942;1770;sea;0;0;
2942;1757;sea;0;0;
2942;1772;sea;0;0;
2942;304;sea;0;0;
2942;1756;sea;0;0;
2942;1755;sea;0;0;
2963;2187;sea;0;0;
2963;2182;sea;0;0;
2963;2189;sea;0;0;
2963;2181;sea;0;0;
2963;2165;sea;0;0;
2963;2164;sea;0;0;
2963;2184;sea;0;0;
2963;2162;sea;0;0;
2963;2185;sea;0;0;
2963;2163;sea;0;0;
2826;1611;sea;0;0;
2826;1610;sea;0;0;
2826;1608;sea;0;0;
2826;1604;sea;0;0;
2826;1609;sea;0;0;
2826;1605;sea;0;0;
2826;1539;sea;0;0;
2826;1543;sea;0;0;
3108;1547;sea;0;0;
3108;1545;sea;0;0;
3108;1528;sea;0;0;
3108;1536;sea;0;0;
3108;1540;sea;0;0;
3108;1518;sea;0;0;
3108;1525;sea;0;0;
3108;1537;sea;0;0;
3108;1520;sea;0;0;
3108;1519;sea;0;0;
3108;1517;sea;0;0;
3108;1522;sea;0;0;
3108;1516;sea;0;0;
3108;1538;sea;0;0;
3004;2179;sea;0;0;
3004;2180;sea;0;0;
3004;2170;sea;0;0;
3004;2171;sea;0;0;
3004;2169;sea;0;0;
2703;1763;sea;0;0;
2703;1748;sea;0;0;
2703;1765;sea;0;0;
2703;1750;sea;0;0;
2703;1749;sea;0;0;
2703;1747;sea;0;0;
2703;1745;sea;0;0;
2703;1751;sea;0;0;
2703;1746;sea;0;0;
3153;2623;sea;0;0;
3295;1464;sea;0;0;
3295;1551;sea;0;0;
3295;1546;sea;0;0;
3295;1518;sea;0;0;
3295;1473;sea;0;0;
3295;1471;sea;0;0;
3295;1537;sea;0;0;
3295;1470;sea;0;0;
3295;1544;sea;0;0;
3295;1522;sea;0;0;
3295;1679;sea;0;0;
2970;2217;sea;0;0;
2969;2217;sea;0;0;
2969;2213;sea;0;0;
2969;2215;sea;0;0;
2969;2216;sea;0;0;
2969;2214;sea;0;0;
2969;44;sea;0;0;
2969;2212;sea;0;0;
2766;1738;sea;0;0;
2766;144;sea;0;0;
2766;1735;sea;0;0;
2766;1740;sea;0;0;
2766;1734;sea;0;0;
2766;1736;sea;0;0;
2978;2213;sea;0;0;
2978;2222;sea;0;0;
2978;2216;sea;0;0;
2978;2214;sea;0;0;
2971;2217;sea;0;0;
2971;2212;sea;0;0;
2971;2211;sea;0;0;
2971;2210;sea;0;0;
2971;2209;sea;0;0;
2979;2222;sea;0;0;
2979;2214;sea;0;0;
2979;2227;sea;0;0;
2843;1662;sea;0;0;
2843;1663;sea;0;0;
2843;1665;sea;0;0;
2843;1666;sea;0;0;
2843;1660;sea;0;0;
2843;1656;sea;0;0;
2843;1667;sea;0;0;
2843;1640;sea;0;0;
2843;1655;sea;0;0;
2843;1638;sea;0;0;
2843;1639;sea;0;0;
2843;1659;sea;0;0;
2843;1658;sea;0;0;
2843;1657;sea;0;0;
3005;2169;sea;0;0;
3005;2168;sea;0;0;
3005;2161;sea;0;0;
3005;2156;sea;0;0;
2768;1751;sea;0;0;
2768;1752;sea;0;0;
2768;1753;sea;0;0;
2768;1737;sea;0;0;
2768;848;sea;0;0;
2769;1756;sea;0;0;
2769;1755;sea;0;0;
2769;1746;sea;0;0;
2769;920;sea;0;0;
2769;919;sea;0;0;
2769;918;sea;0;0;
2769;916;sea;0;0;
2769;902;sea;0;0;
2769;915;sea;0;0;
2769;855;sea;0;0;
3250;908;sea;0;0;
3250;989;sea;0;0;
3250;917;sea;0;0;
3250;909;sea;0;0;
2759;1734;sea;0;0;
2759;1733;sea;0;0;
2759;1731;sea;0;0;
2759;854;sea;0;0;
2759;764;sea;0;0;
2759;762;sea;0;0;
2829;1662;sea;0;0;
2829;1664;sea;0;0;
2829;1661;sea;0;0;
2829;1660;sea;0;0;
2829;1637;sea;0;0;
2829;1640;sea;0;0;
2829;1635;sea;0;0;
2829;1638;sea;0;0;
2829;1632;sea;0;0;
2829;1641;sea;0;0;
2829;1633;sea;0;0;
2829;1634;sea;0;0;
2925;1693;sea;0;0;
2925;2563;sea;0;0;
2925;1691;sea;0;0;
2958;44;sea;0;0;
2958;2212;sea;0;0;
2958;2211;sea;0;0;
2958;2209;sea;0;0;
2958;2210;sea;0;0;
2958;2219;sea;0;0;
3300;1589;sea;0;0;
3300;1591;sea;0;0;
3235;1470;sea;0;0;
3235;1474;sea;0;0;
3235;1472;sea;0;0;
3235;1679;sea;0;0;
3235;1549;sea;0;0;
3235;1477;sea;0;0;
3235;1514;sea;0;0;
3235;1543;sea;0;0;
3235;1478;sea;0;0;
3235;1476;sea;0;0;
3235;1509;sea;0;0;
2964;2185;sea;0;0;
2964;2183;sea;0;0;
2965;2183;sea;0;0;
2767;1737;sea;0;0;
2767;1736;sea;0;0;
2767;848;sea;0;0;
2962;2163;sea;0;0;
2962;2151;sea;0;0;
2962;2150;sea;0;0;
2977;2219;sea;0;0;
2758;1730;sea;0;0;
2758;1731;sea;0;0;
2758;1710;sea;0;0;
2758;1728;sea;0;0;
2758;1708;sea;0;0;
2758;1725;sea;0;0;
2758;762;sea;0;0;
2770;902;sea;0;0;
2770;915;sea;0;0;
2770;912;sea;0;0;
2770;913;sea;0;0;
2770;903;sea;0;0;
2770;914;sea;0;0;
2770;855;sea;0;0;
2770;905;sea;0;0;
2770;904;sea;0;0;
2770;897;sea;0;0;
2770;900;sea;0;0;
2770;875;sea;0;0;
2770;895;sea;0;0;
2770;894;sea;0;0;
2770;898;sea;0;0;
2770;896;sea;0;0;
2844;1656;sea;0;0;
2844;1658;sea;0;0;
2844;1675;sea;0;0;
2844;1651;sea;0;0;
2844;1676;sea;0;0;
2844;1650;sea;0;0;
2844;1649;sea;0;0;
2844;1653;sea;0;0;
2844;1674;sea;0;0;
2844;1669;sea;0;0;
3297;1711;sea;0;0;
3297;1712;sea;0;0;
3297;1710;sea;0;0;
3299;1715;sea;0;0;
3299;1713;sea;0;0;
2746;1691;sea;0;0;
2746;1685;sea;0;0;
2746;1681;sea;0;0;
2746;1687;sea;0;0;
2746;1688;sea;0;0;
2746;517;sea;0;0;
2746;514;sea;0;0;
2746;513;sea;0;0;
3006;2138;sea;0;0;
3006;2156;sea;0;0;
3006;2157;sea;0;0;
3006;2141;sea;0;0;
3006;2139;sea;0;0;
3006;2140;sea;0;0;
3006;102;sea;0;0;
3006;100;sea;0;0;
3301;1509;sea;0;0;
3301;1567;sea;0;0;
3301;1515;sea;0;0;
3301;1564;sea;0;0;
3301;1563;sea;0;0;
3301;1542;sea;0;0;
3301;1568;sea;0;0;
2827;1635;sea;0;0;
2827;1636;sea;0;0;
2827;1563;sea;0;0;
2827;1571;sea;0;0;
2827;1565;sea;0;0;
2827;1628;sea;0;0;
2827;1569;sea;0;0;
3309;1129;sea;0;0;
3309;1125;sea;0;0;
3309;1126;sea;0;0;
3007;2138;sea;0;0;
2747;1688;sea;0;0;
2747;1705;sea;0;0;
2747;1689;sea;0;0;
2747;1704;sea;0;0;
2747;1706;sea;0;0;
2747;513;sea;0;0;
2747;515;sea;0;0;
2747;506;sea;0;0;
2771;848;sea;0;0;
2771;875;sea;0;0;
2771;872;sea;0;0;
2842;1641;sea;0;0;
2842;1634;sea;0;0;
2842;1631;sea;0;0;
3298;1713;sea;0;0;
2841;1657;sea;0;0;
2841;1659;sea;0;0;
2841;1641;sea;0;0;
2841;1647;sea;0;0;
2841;1648;sea;0;0;
2841;1677;sea;0;0;
2841;1646;sea;0;0;
2841;1645;sea;0;0;
2841;1673;sea;0;0;
2841;1671;sea;0;0;
2841;1672;sea;0;0;
2841;1642;sea;0;0;
2841;1643;sea;0;0;
2956;2219;sea;0;0;
2957;2219;sea;0;0;
3365;2150;sea;0;0;
3365;2149;sea;0;0;
3365;138;sea;0;0;
3365;2152;sea;0;0;
3365;2147;sea;0;0;
3365;136;sea;0;0;
2765;839;sea;0;0;
2765;842;sea;0;0;
2765;827;sea;0;0;
2765;837;sea;0;0;
2765;835;sea;0;0;
2765;824;sea;0;0;
2765;836;sea;0;0;
2765;833;sea;0;0;
2772;839;sea;0;0;
2772;838;sea;0;0;
2772;872;sea;0;0;
2772;840;sea;0;0;
2772;869;sea;0;0;
2772;834;sea;0;0;
2772;842;sea;0;0;
2772;835;sea;0;0;
2772;870;sea;0;0;
2772;836;sea;0;0;
2772;832;sea;0;0;
2772;865;sea;0;0;
2772;864;sea;0;0;
2772;822;sea;0;0;
2772;821;sea;0;0;
2772;829;sea;0;0;
2772;823;sea;0;0;
2772;830;sea;0;0;
2745;517;sea;0;0;
2745;509;sea;0;0;
2745;527;sea;0;0;
2745;511;sea;0;0;
2745;524;sea;0;0;
2745;521;sea;0;0;
2754;1706;sea;0;0;
2754;1701;sea;0;0;
2754;1700;sea;0;0;
2828;1571;sea;0;0;
2828;1568;sea;0;0;
2828;1569;sea;0;0;
2828;1636;sea;0;0;
2828;1628;sea;0;0;
2828;1565;sea;0;0;
2828;1542;sea;0;0;
2828;1617;sea;0;0;
2828;1626;sea;0;0;
2828;1625;sea;0;0;
2828;1627;sea;0;0;
2828;1479;sea;0;0;
2828;1619;sea;0;0;
2828;1616;sea;0;0;
2828;1613;sea;0;0;
2828;1620;sea;0;0;
2828;1480;sea;0;0;
2704;1114;sea;0;0;
2704;1115;sea;0;0;
2704;1116;sea;0;0;
2704;1113;sea;0;0;
2704;1107;sea;0;0;
2704;1205;sea;0;0;
2704;3359;sea;0;0;
2704;3357;sea;0;0;
2704;3358;sea;0;0;
2704;1194;sea;0;0;
3234;1557;sea;0;0;
2755;1701;sea;0;0;
2755;1709;sea;0;0;
2755;1726;sea;0;0;
2755;1725;sea;0;0;
2755;765;sea;0;0;
2760;764;sea;0;0;
2760;763;sea;0;0;
2760;759;sea;0;0;
3020;1447;sea;0;0;
2840;1669;sea;0;0;
2840;1668;sea;0;0;
2840;1670;sea;0;0;
2840;1672;sea;0;0;
2840;1644;sea;0;0;
2840;1643;sea;0;0;
2961;138;sea;0;0;
2961;137;sea;0;0;
2961;133;sea;0;0;
2961;141;sea;0;0;
2961;194;sea;0;0;
3232;1111;sea;0;0;
3232;2025;sea;0;0;
3232;1110;sea;0;0;
3232;1108;sea;0;0;
3232;1875;sea;0;0;
3232;1109;sea;0;0;
2748;506;sea;0;0;
2748;505;sea;0;0;
2748;503;sea;0;0;
2748;502;sea;0;0;
2748;504;sea;0;0;
2748;501;sea;0;0;
2748;498;sea;0;0;
2830;1630;sea;0;0;
2830;1631;sea;0;0;
2830;1629;sea;0;0;
2830;1621;sea;0;0;
2830;1623;sea;0;0;
2830;1622;sea;0;0;
2830;1554;sea;0;0;
2830;1082;sea;0;0;
2959;200;sea;0;0;
2959;204;sea;0;0;
2959;198;sea;0;0;
2757;762;sea;0;0;
2757;763;sea;0;0;
2757;759;sea;0;0;
2757;760;sea;0;0;
2757;755;sea;0;0;
2757;754;sea;0;0;
2780;1116;sea;0;0;
2780;1205;sea;0;0;
2780;1150;sea;0;0;
2780;686;sea;0;0;
2780;1192;sea;0;0;
2780;1191;sea;0;0;
2780;1196;sea;0;0;
2780;1193;sea;0;0;
2780;2702;sea;0;0;
2780;1187;sea;0;0;
2780;2611;sea;0;0;
3231;890;sea;0;0;
3231;891;sea;0;0;
3279;873;sea;0;0;
3279;876;sea;0;0;
3008;2138;sea;0;0;
3008;2139;sea;0;0;
3008;89;sea;0;0;
2744;521;sea;0;0;
2744;522;sea;0;0;
2744;518;sea;0;0;
2752;502;sea;0;0;
2764;759;sea;0;0;
2764;760;sea;0;0;
2764;824;sea;0;0;
2764;826;sea;0;0;
2764;758;sea;0;0;
2764;853;sea;0;0;
2764;761;sea;0;0;
3366;2152;sea;0;0;
3366;2144;sea;0;0;
3366;2142;sea;0;0;
3366;136;sea;0;0;
3366;2143;sea;0;0;
3366;2137;sea;0;0;
2753;765;sea;0;0;
2753;766;sea;0;0;
2756;765;sea;0;0;
2756;766;sea;0;0;
2756;754;sea;0;0;
2756;2567;sea;0;0;
2756;749;sea;0;0;
2756;750;sea;0;0;
2756;748;sea;0;0;
2773;865;sea;0;0;
2773;843;sea;0;0;
2773;864;sea;0;0;
2773;863;sea;0;0;
2773;862;sea;0;0;
2773;830;sea;0;0;
2773;859;sea;0;0;
2773;861;sea;0;0;
2773;860;sea;0;0;
2773;858;sea;0;0;
2763;758;sea;0;0;
2763;826;sea;0;0;
2763;853;sea;0;0;
2763;852;sea;0;0;
2763;851;sea;0;0;
2763;756;sea;0;0;
2763;757;sea;0;0;
2763;850;sea;0;0;
2763;2582;sea;0;0;
2763;782;sea;0;0;
3280;3354;sea;0;0;
3311;504;sea;0;0;
3311;497;sea;0;0;
3311;501;sea;0;0;
3311;488;sea;0;0;
3311;481;sea;0;0;
3311;495;sea;0;0;
3311;493;sea;0;0;
3311;494;sea;0;0;
3311;492;sea;0;0;
3282;822;sea;0;0;
2779;3358;sea;0;0;
2779;1103;sea;0;0;
2779;1052;sea;0;0;
2779;1053;sea;0;0;
2779;1194;sea;0;0;
2779;1057;sea;0;0;
2779;1041;sea;0;0;
2779;1050;sea;0;0;
2779;1036;sea;0;0;
2779;1182;sea;0;0;
2960;194;sea;0;0;
2960;198;sea;0;0;
3367;2137;sea;0;0;
3367;2140;sea;0;0;
3367;102;sea;0;0;
3367;2143;sea;0;0;
2751;766;sea;0;0;
2751;473;sea;0;0;
2751;748;sea;0;0;
2751;745;sea;0;0;
2751;746;sea;0;0;
2751;725;sea;0;0;
2751;740;sea;0;0;
2751;724;sea;0;0;
2777;882;sea;0;0;
2777;884;sea;0;0;
2777;3342;sea;0;0;
2777;883;sea;0;0;
2777;1094;sea;0;0;
2777;880;sea;0;0;
2777;1095;sea;0;0;
2777;1049;sea;0;0;
2774;862;sea;0;0;
2774;881;sea;0;0;
2774;860;sea;0;0;
2774;861;sea;0;0;
2774;880;sea;0;0;
2774;858;sea;0;0;
2774;830;sea;0;0;
2774;816;sea;0;0;
2774;817;sea;0;0;
2774;814;sea;0;0;
2774;818;sea;0;0;
2774;674;sea;0;0;
2749;498;sea;0;0;
2749;499;sea;0;0;
2749;464;sea;0;0;
2749;461;sea;0;0;
3238;141;sea;0;0;
3238;194;sea;0;0;
3238;193;sea;0;0;
3238;145;sea;0;0;
3238;148;sea;0;0;
2955;204;sea;0;0;
2955;2555;sea;0;0;
2955;205;sea;0;0;
2762;757;sea;0;0;
2762;10;sea;0;0;
2762;752;sea;0;0;
2762;780;sea;0;0;
2762;782;sea;0;0;
2762;781;sea;0;0;
2762;774;sea;0;0;
2762;773;sea;0;0;
2762;770;sea;0;0;
2762;778;sea;0;0;
2743;476;sea;0;0;
2743;474;sea;0;0;
2831;1642;sea;0;0;
2831;1643;sea;0;0;
2831;1082;sea;0;0;
2831;1086;sea;0;0;
3323;464;sea;0;0;
3323;457;sea;0;0;
3323;461;sea;0;0;
3323;463;sea;0;0;
3323;460;sea;0;0;
3323;459;sea;0;0;
3323;458;sea;0;0;
3323;456;sea;0;0;
2729;492;sea;0;0;
2729;479;sea;0;0;
2729;478;sea;0;0;
2729;460;sea;0;0;
2729;458;sea;0;0;
2839;1644;sea;0;0;
2839;1088;sea;0;0;
2839;1643;sea;0;0;
2839;1086;sea;0;0;
2731;475;sea;0;0;
2731;478;sea;0;0;
2731;474;sea;0;0;
3327;461;sea;0;0;
3327;472;sea;0;0;
3327;468;sea;0;0;
3327;469;sea;0;0;
3327;453;sea;0;0;
3327;454;sea;0;0;
3327;466;sea;0;0;
3327;451;sea;0;0;
3327;431;sea;0;0;
3327;608;sea;0;0;
2750;472;sea;0;0;
2750;725;sea;0;0;
3106;1186;sea;0;0;
3106;1185;sea;0;0;
3106;2606;sea;0;0;
3106;1188;sea;0;0;
3106;1181;sea;0;0;
3106;2612;sea;0;0;
3106;1596;sea;0;0;
3106;2679;sea;0;0;
3106;1068;sea;0;0;
2761;743;sea;0;0;
2761;752;sea;0;0;
2761;741;sea;0;0;
2761;731;sea;0;0;
2761;730;sea;0;0;
2761;770;sea;0;0;
2761;726;sea;0;0;
2761;727;sea;0;0;
2761;732;sea;0;0;
2761;769;sea;0;0;
2761;733;sea;0;0;
2761;736;sea;0;0;
2761;611;sea;0;0;
2761;734;sea;0;0;
2775;674;sea;0;0;
2775;967;sea;0;0;
2775;669;sea;0;0;
2775;844;sea;0;0;
2775;675;sea;0;0;
2775;964;sea;0;0;
2775;678;sea;0;0;
2775;968;sea;0;0;
2775;965;sea;0;0;
2775;970;sea;0;0;
2776;967;sea;0;0;
2776;1049;sea;0;0;
2776;966;sea;0;0;
2776;964;sea;0;0;
2776;1048;sea;0;0;
2776;973;sea;0;0;
2776;1050;sea;0;0;
2776;965;sea;0;0;
2776;1047;sea;0;0;
2776;1041;sea;0;0;
2776;1046;sea;0;0;
2776;976;sea;0;0;
2776;979;sea;0;0;
3302;1554;sea;0;0;
3302;1082;sea;0;0;
3302;2617;sea;0;0;
3302;1083;sea;0;0;
3302;1084;sea;0;0;
2954;205;sea;0;0;
2954;209;sea;0;0;
2954;208;sea;0;0;
2954;211;sea;0;0;
2954;230;sea;0;0;
3009;104;sea;0;0;
3009;87;sea;0;0;
3009;84;sea;0;0;
3009;3322;sea;0;0;
2728;458;sea;0;0;
2728;442;sea;0;0;
2728;437;sea;0;0;
2728;422;sea;0;0;
2728;423;sea;0;0;
3331;965;sea;0;0;
3331;973;sea;0;0;
3331;970;sea;0;0;
3331;972;sea;0;0;
3331;975;sea;0;0;
3331;974;sea;0;0;
3331;961;sea;0;0;
3324;431;sea;0;0;
3324;608;sea;0;0;
3324;433;sea;0;0;
3324;467;sea;0;0;
3324;432;sea;0;0;
3324;429;sea;0;0;
3324;414;sea;0;0;
3324;406;sea;0;0;
3324;410;sea;0;0;
3324;411;sea;0;0;
3324;408;sea;0;0;
3324;413;sea;0;0;
3324;405;sea;0;0;
2778;640;sea;0;0;
2778;639;sea;0;0;
2778;644;sea;0;0;
2778;643;sea;0;0;
2778;767;sea;0;0;
2778;624;sea;0;0;
2778;623;sea;0;0;
3325;437;sea;0;0;
3325;434;sea;0;0;
3325;423;sea;0;0;
3325;435;sea;0;0;
3325;424;sea;0;0;
3325;418;sea;0;0;
3283;608;sea;0;0;
3283;607;sea;0;0;
3326;430;sea;0;0;
3326;431;sea;0;0;
3326;446;sea;0;0;
3326;467;sea;0;0;
3326;441;sea;0;0;
3326;428;sea;0;0;
3326;440;sea;0;0;
3326;429;sea;0;0;
3326;434;sea;0;0;
3326;439;sea;0;0;
3326;436;sea;0;0;
3326;435;sea;0;0;
3362;145;sea;0;0;
3362;148;sea;0;0;
3362;146;sea;0;0;
3362;149;sea;0;0;
3362;167;sea;0;0;
2832;1086;sea;0;0;
2832;1083;sea;0;0;
2832;1084;sea;0;0;
2727;422;sea;0;0;
2727;423;sea;0;0;
2727;420;sea;0;0;
2727;299;sea;0;0;
2838;1088;sea;0;0;
2838;1086;sea;0;0;
2838;1074;sea;0;0;
3233;2606;sea;0;0;
3233;1181;sea;0;0;
3233;1187;sea;0;0;
3233;2611;sea;0;0;
3233;993;sea;0;0;
3284;603;sea;0;0;
3284;614;sea;0;0;
3284;588;sea;0;0;
3308;2679;sea;0;0;
3308;2608;sea;0;0;
3306;2608;sea;0;0;
3306;2678;sea;0;0;
3306;2679;sea;0;0;
3306;1068;sea;0;0;
3306;2691;sea;0;0;
3306;1075;sea;0;0;
3306;1469;sea;0;0;
3310;1002;sea;0;0;
2725;420;sea;0;0;
2725;421;sea;0;0;
2725;424;sea;0;0;
2725;418;sea;0;0;
2725;419;sea;0;0;
2725;299;sea;0;0;
2725;297;sea;0;0;
2953;230;sea;0;0;
2953;232;sea;0;0;
2953;242;sea;0;0;
3360;146;sea;0;0;
3360;167;sea;0;0;
3360;166;sea;0;0;
3360;150;sea;0;0;
3360;165;sea;0;0;
3360;164;sea;0;0;
3360;153;sea;0;0;
3291;961;sea;0;0;
3291;960;sea;0;0;
3291;958;sea;0;0;
3291;959;sea;0;0;
3328;405;sea;0;0;
3328;413;sea;0;0;
3328;397;sea;0;0;
3328;404;sea;0;0;
3328;398;sea;0;0;
3328;401;sea;0;0;
3328;395;sea;0;0;
3328;392;sea;0;0;
3328;387;sea;0;0;
3292;978;sea;0;0;
3292;963;sea;0;0;
3292;962;sea;0;0;
3292;977;sea;0;0;
3292;949;sea;0;0;
2724;418;sea;0;0;
2724;415;sea;0;0;
2724;401;sea;0;0;
2724;303;sea;0;0;
2724;297;sea;0;0;
2724;302;sea;0;0;
2724;301;sea;0;0;
2894;1088;sea;0;0;
2894;1074;sea;0;0;
2837;1086;sea;0;0;
2726;299;sea;0;0;
2726;298;sea;0;0;
2726;273;sea;0;0;
2726;296;sea;0;0;
2726;274;sea;0;0;
2836;1074;sea;0;0;
2836;2633;sea;0;0;
2836;2618;sea;0;0;
2723;401;sea;0;0;
2723;301;sea;0;0;
2723;302;sea;0;0;
2723;300;sea;0;0;
2723;387;sea;0;0;
2723;390;sea;0;0;
2723;378;sea;0;0;
2723;377;sea;0;0;
2723;291;sea;0;0;
2723;293;sea;0;0;
2723;292;sea;0;0;
2895;1074;sea;0;0;
3305;2678;sea;0;0;
3225;97;sea;0;0;
3225;98;sea;0;0;
3107;2678;sea;0;0;
3107;1465;sea;0;0;
3107;2670;sea;0;0;
3107;1075;sea;0;0;
3107;2671;sea;0;0;
3107;2677;sea;0;0;
3107;2676;sea;0;0;
2952;242;sea;0;0;
2952;247;sea;0;0;
2952;248;sea;0;0;
2952;249;sea;0;0;
3113;180;sea;0;0;
3113;178;sea;0;0;
3113;174;sea;0;0;
3113;236;sea;0;0;
3113;54;sea;0;0;
3330;942;sea;0;0;
3330;959;sea;0;0;
3330;948;sea;0;0;
3330;949;sea;0;0;
3330;1009;sea;0;0;
3330;944;sea;0;0;
3330;718;sea;0;0;
3330;946;sea;0;0;
3330;1007;sea;0;0;
3330;945;sea;0;0;
3115;164;sea;0;0;
3115;171;sea;0;0;
3115;174;sea;0;0;
3115;176;sea;0;0;
3115;177;sea;0;0;
2741;260;sea;0;0;
2740;260;sea;0;0;
2740;261;sea;0;0;
2740;258;sea;0;0;
2738;260;sea;0;0;
2738;262;sea;0;0;
2738;274;sea;0;0;
2738;265;sea;0;0;
2738;276;sea;0;0;
3010;3322;sea;0;0;
3010;83;sea;0;0;
3010;78;sea;0;0;
2710;552;sea;0;0;
2710;681;sea;0;0;
2710;550;sea;0;0;
2710;546;sea;0;0;
2710;710;sea;0;0;
2710;700;sea;0;0;
2710;694;sea;0;0;
2710;679;sea;0;0;
2710;692;sea;0;0;
2710;691;sea;0;0;
2710;545;sea;0;0;
2710;693;sea;0;0;
2710;690;sea;0;0;
2710;547;sea;0;0;
2710;548;sea;0;0;
2710;680;sea;0;0;
2710;695;sea;0;0;
2710;697;sea;0;0;
2710;698;sea;0;0;
2710;374;sea;0;0;
2710;364;sea;0;0;
2710;2569;sea;0;0;
2710;334;sea;0;0;
2710;335;sea;0;0;
2710;332;sea;0;0;
2710;359;sea;0;0;
2710;331;sea;0;0;
2732;291;sea;0;0;
2732;293;sea;0;0;
2732;292;sea;0;0;
2732;290;sea;0;0;
2732;281;sea;0;0;
2732;280;sea;0;0;
2732;269;sea;0;0;
2722;377;sea;0;0;
2722;382;sea;0;0;
2722;378;sea;0;0;
2722;384;sea;0;0;
2722;375;sea;0;0;
2722;386;sea;0;0;
2722;400;sea;0;0;
3361;153;sea;0;0;
3361;164;sea;0;0;
3361;160;sea;0;0;
3361;155;sea;0;0;
3361;158;sea;0;0;
3114;174;sea;0;0;
3114;54;sea;0;0;
3114;46;sea;0;0;
3114;176;sea;0;0;
3114;52;sea;0;0;
3114;51;sea;0;0;
3114;177;sea;0;0;
3112;54;sea;0;0;
3112;236;sea;0;0;
3112;46;sea;0;0;
3112;238;sea;0;0;
3112;239;sea;0;0;
3112;56;sea;0;0;
2737;265;sea;0;0;
2737;276;sea;0;0;
2737;263;sea;0;0;
2737;285;sea;0;0;
2737;278;sea;0;0;
2737;277;sea;0;0;
2737;264;sea;0;0;
2737;254;sea;0;0;
2737;279;sea;0;0;
2737;256;sea;0;0;
2737;272;sea;0;0;
2737;255;sea;0;0;
2737;271;sea;0;0;
2737;270;sea;0;0;
2721;557;sea;0;0;
2721;532;sea;0;0;
2721;540;sea;0;0;
2721;539;sea;0;0;
2721;544;sea;0;0;
2721;543;sea;0;0;
2721;383;sea;0;0;
2721;400;sea;0;0;
2721;528;sea;0;0;
2721;531;sea;0;0;
2721;369;sea;0;0;
2721;370;sea;0;0;
2721;371;sea;0;0;
2721;2557;sea;0;0;
2833;1084;sea;0;0;
2833;1080;sea;0;0;
2833;1086;sea;0;0;
2833;2641;sea;0;0;
2833;1072;sea;0;0;
2945;72;sea;0;0;
2945;249;sea;0;0;
2945;68;sea;0;0;
3254;164;sea;0;0;
3254;177;sea;0;0;
2739;258;sea;0;0;
2739;259;sea;0;0;
2739;257;sea;0;0;
2711;530;sea;0;0;
2711;529;sea;0;0;
2711;548;sea;0;0;
2711;369;sea;0;0;
2711;533;sea;0;0;
2711;370;sea;0;0;
2711;373;sea;0;0;
2711;371;sea;0;0;
2711;372;sea;0;0;
2711;334;sea;0;0;
2711;2557;sea;0;0;
2711;366;sea;0;0;
2711;367;sea;0;0;
2711;348;sea;0;0;
2711;330;sea;0;0;
3253;46;sea;0;0;
3253;56;sea;0;0;
3253;52;sea;0;0;
3239;240;sea;0;0;
3239;203;sea;0;0;
3239;239;sea;0;0;
3239;56;sea;0;0;
3239;64;sea;0;0;
3239;66;sea;0;0;
3239;1491;sea;0;0;
3230;2691;sea;0;0;
3230;1469;sea;0;0;
3230;2701;sea;0;0;
3230;1077;sea;0;0;
3230;1076;sea;0;0;
3230;2694;sea;0;0;
3230;2692;sea;0;0;
3230;2615;sea;0;0;
3230;2655;sea;0;0;
3022;72;sea;0;0;
3289;279;sea;0;0;
3289;272;sea;0;0;
3289;280;sea;0;0;
3289;269;sea;0;0;
2944;72;sea;0;0;
2944;68;sea;0;0;
2944;74;sea;0;0;
2944;75;sea;0;0;
2736;255;sea;0;0;
2736;257;sea;0;0;
2736;270;sea;0;0;
2736;267;sea;0;0;
3252;52;sea;0;0;
3011;78;sea;0;0;
3011;15;sea;0;0;
3116;177;sea;0;0;
3116;51;sea;0;0;
3116;160;sea;0;0;
3116;158;sea;0;0;
3116;50;sea;0;0;
3116;49;sea;0;0;
3116;2594;sea;0;0;
2720;2557;sea;0;0;
2720;367;sea;0;0;
2720;348;sea;0;0;
2720;311;sea;0;0;
2720;310;sea;0;0;
2733;269;sea;0;0;
2733;268;sea;0;0;
2733;266;sea;0;0;
2947;74;sea;0;0;
2709;363;sea;0;0;
2709;354;sea;0;0;
2709;357;sea;0;0;
2709;359;sea;0;0;
2709;355;sea;0;0;
2709;331;sea;0;0;
2709;358;sea;0;0;
2709;353;sea;0;0;
2709;351;sea;0;0;
2709;349;sea;0;0;
2713;945;sea;0;0;
2713;356;sea;0;0;
2713;997;sea;0;0;
2713;352;sea;0;0;
2713;996;sea;0;0;
2713;350;sea;0;0;
2712;348;sea;0;0;
2712;367;sea;0;0;
2712;311;sea;0;0;
2712;330;sea;0;0;
2712;329;sea;0;0;
2712;1023;sea;0;0;
2712;328;sea;0;0;
2712;312;sea;0;0;
2712;316;sea;0;0;
2712;313;sea;0;0;
3329;1007;sea;0;0;
3329;1003;sea;0;0;
3329;997;sea;0;0;
3329;1005;sea;0;0;
3329;994;sea;0;0;
3329;996;sea;0;0;
3329;1004;sea;0;0;
3329;2580;sea;0;0;
2943;67;sea;0;0;
2943;66;sea;0;0;
2943;1491;sea;0;0;
2943;68;sea;0;0;
2943;62;sea;0;0;
2948;74;sea;0;0;
2735;267;sea;0;0;
2735;266;sea;0;0;
2735;1724;sea;0;0;
2896;1074;sea;0;0;
2896;2633;sea;0;0;
2896;2616;sea;0;0;
2708;332;sea;0;0;
2708;331;sea;0;0;
2708;325;sea;0;0;
2708;326;sea;0;0;
2708;353;sea;0;0;
2708;322;sea;0;0;
2708;324;sea;0;0;
2946;75;sea;0;0;
2946;74;sea;0;0;
2946;62;sea;0;0;
2946;2625;sea;0;0;
2835;2633;sea;0;0;
2835;2618;sea;0;0;
2835;1073;sea;0;0;
2835;2638;sea;0;0;
2835;2663;sea;0;0;
3256;63;sea;0;0;
3251;158;sea;0;0;
3251;49;sea;0;0;
3251;157;sea;0;0;
3251;36;sea;0;0;
2719;310;sea;0;0;
2719;1021;sea;0;0;
2719;1045;sea;0;0;
2719;309;sea;0;0;
2719;308;sea;0;0;
2834;2618;sea;0;0;
2834;1072;sea;0;0;
2834;2639;sea;0;0;
2707;353;sea;0;0;
2707;349;sea;0;0;
2707;350;sea;0;0;
2707;996;sea;0;0;
2707;343;sea;0;0;
2707;340;sea;0;0;
2707;344;sea;0;0;
3312;326;sea;0;0;
3312;327;sea;0;0;
2939;3;sea;0;0;
2939;48;sea;0;0;
2939;2593;sea;0;0;
2939;47;sea;0;0;
2714;996;sea;0;0;
2714;994;sea;0;0;
2714;2580;sea;0;0;
2714;1004;sea;0;0;
2714;2715;sea;0;0;
2714;340;sea;0;0;
2714;995;sea;0;0;
2714;339;sea;0;0;
2714;988;sea;0;0;
2714;342;sea;0;0;
2714;1006;sea;0;0;
3258;59;sea;0;0;
2706;322;sea;0;0;
2706;343;sea;0;0;
2706;345;sea;0;0;
2706;324;sea;0;0;
2706;323;sea;0;0;
2706;317;sea;0;0;
2706;318;sea;0;0;
2706;346;sea;0;0;
3118;41;sea;0;0;
3118;42;sea;0;0;
3118;40;sea;0;0;
3118;36;sea;0;0;
3118;39;sea;0;0;
3257;59;sea;0;0;
3257;61;sea;0;0;
3132;5;sea;0;0;
3317;344;sea;0;0;
3317;340;sea;0;0;
3317;339;sea;0;0;
3317;341;sea;0;0;
3317;3315;sea;0;0;
3012;15;sea;0;0;
3012;17;sea;0;0;
3012;1;sea;0;0;
3012;2;sea;0;0;
3012;2630;sea;0;0;
3012;4;sea;0;0;
2936;2625;sea;0;0;
2936;76;sea;0;0;
2936;9;sea;0;0;
3313;323;sea;0;0;
3313;317;sea;0;0;
3134;5;sea;0;0;
2929;253;sea;0;0;
2929;252;sea;0;0;
3316;339;sea;0;0;
3316;342;sea;0;0;
3316;3315;sea;0;0;
3316;1006;sea;0;0;
3316;337;sea;0;0;
3318;988;sea;0;0;
3318;1006;sea;0;0;
3318;2588;sea;0;0;
3318;984;sea;0;0;
3259;2626;sea;0;0;
3264;37;sea;0;0;
3304;2701;sea;0;0;
3304;1065;sea;0;0;
3304;2659;sea;0;0;
3304;2690;sea;0;0;
3304;2613;sea;0;0;
3304;2682;sea;0;0;
3304;2615;sea;0;0;
3304;2684;sea;0;0;
3304;2655;sea;0;0;
3304;2680;sea;0;0;
2705;346;sea;0;0;
2705;318;sea;0;0;
2705;320;sea;0;0;
2705;307;sea;0;0;
2705;336;sea;0;0;
2705;321;sea;0;0;
2705;338;sea;0;0;
3314;319;sea;0;0;
3135;5;sea;0;0;
2718;308;sea;0;0;
2718;305;sea;0;0;
2718;800;sea;0;0;
3133;5;sea;0;0;
3133;2631;sea;0;0;
3014;5;sea;0;0;
3014;2631;sea;0;0;
3261;2626;sea;0;0;
2897;2616;sea;0;0;
2897;2634;sea;0;0;
2897;2637;sea;0;0;
3267;32;sea;0;0;
3013;5;sea;0;0;
3013;4;sea;0;0;
2935;1570;sea;0;0;
2935;2636;sea;0;0;
2934;1570;sea;0;0;
2934;1330;sea;0;0;
2716;984;sea;0;0;
2716;2588;sea;0;0;
2716;981;sea;0;0;
2716;983;sea;0;0;
2716;985;sea;0;0;
2716;986;sea;0;0;
2716;2687;sea;0;0;
2716;2682;sea;0;0;
2716;2684;sea;0;0;
2716;982;sea;0;0;
2940;47;sea;0;0;
2940;37;sea;0;0;
2940;2595;sea;0;0;
3262;2626;sea;0;0;
3229;32;sea;0;0;
3229;33;sea;0;0;
3229;31;sea;0;0;
3229;38;sea;0;0;
3281;321;sea;0;0;
3281;307;sea;0;0;
3281;338;sea;0;0;
3281;982;sea;0;0;
3281;306;sea;0;0;
2930;252;sea;0;0;
3277;2629;sea;0;0;
3277;17;sea;0;0;
3277;18;sea;0;0;
3266;31;sea;0;0;
3263;2626;sea;0;0;
2941;2593;sea;0;0;
2941;2592;sea;0;0;
3265;31;sea;0;0;
3265;38;sea;0;0;
2933;1330;sea;0;0;
2933;1541;sea;0;0;
2933;252;sea;0;0;
2933;93;sea;0;0;
2933;1652;sea;0;0;
2928;252;sea;0;0;
2938;2592;sea;0;0;
2938;76;sea;0;0;
2938;2595;sea;0;0;
3228;23;sea;0;0;
3228;31;sea;0;0;
3228;11;sea;0;0;
2717;800;sea;0;0;
2717;306;sea;0;0;
2717;982;sea;0;0;
3268;38;sea;0;0;
3268;2596;sea;0;0;
3269;2596;sea;0;0;
3269;38;sea;0;0;
2937;2636;sea;0;0;
2937;1541;sea;0;0;
2937;76;sea;0;0;
2937;1498;sea;0;0;
2937;93;sea;0;0;
2937;1606;sea;0;0;
2937;2595;sea;0;0;
2937;251;sea;0;0;
3015;2631;sea;0;0;
3130;2631;sea;0;0;
3270;2596;sea;0;0;
3227;11;sea;0;0;
3241;2665;sea;0;0;
3241;2667;sea;0;0;
3241;2619;sea;0;0;
3272;2596;sea;0;0;
3271;2596;sea;0;0;
3273;2595;sea;0;0;
3275;2596;sea;0;0;
3274;2596;sea;0;0;
3274;2595;sea;0;0;
